Cloud_Cover,Pressure
50.501693832913155,1032.378758690279
4.990052927536981,992.6141895121403
14.855783939243427,1007.2316201172738
67.25528206034686,982.6320127095369
47.67644427890656,980.8251417426507
59.76627863227763,1049.738751014439
45.827508421021676,1014.1737660638806
92.5514972525134,1006.0417334780344
82.52487276907972,993.7320466194785
98.0144498972855,1036.5034571561982
93.92329417135517,1029.4026903671104
72.86978986682412,980.1089338550743
5.25304210213815,1033.9858671128165
99.91017766569732,987.8037921605497
47.33186956586549,1046.4042876128824
6.099703563643343,1003.2915258768854
99.14233105026427,1011.5771942728558
57.03767176214433,980.3486633971628
45.90040227489703,1037.707488191113
1.9789430833063282,1001.5717777961166
42.84011694565088,1018.9512813318613
18.32707471881192,1044.8620557941772
71.89489921540743,990.9355668250895
0.7866902523575692,1040.7130729051646
53.303568050661674,1015.0167251589788
4.371621836509809,1044.7119321839634
71.48299959022737,1037.56485351305
95.30194928093334,1011.0086021461362
4.332054824784537,986.209823950032
10.30841611668406,982.1138218417418
51.55929737435348,1041.1961566883854
98.24621044111832,1013.1999442220858
41.14567308107999,1026.4586435549427
61.55729545542656,1041.7153889946196
76.16533303200376,1001.3261294039288
92.79200892164283,1042.7034112873944
17.701665109231847,981.9272707599382
91.14260153205235,999.5947975113893
62.64242471491316,1036.8236476569737
80.56069161573312,1039.7254222826552
29.555522243611676,1046.138477675031
50.01009596293442,1001.2107890724733
20.895919013419807,1034.6164909931294
85.46041335567958,1048.9591211854186
20.457909251008253,1016.8904210578228
54.83267785773366,997.6817402746615
41.791321337237974,982.7273620778027
4.958951320552152,1033.1757143948666
41.21476492229073,989.7191769106927
78.43974193260598,1007.0859824501674
52.89325210024439,1001.6494517157278
30.47968906588412,1009.1795471067556
44.54133154310441,1043.4199296452794
77.42655997733135,1009.8163432855304
66.81537597839832,1043.8921018836536
11.090324122416128,1036.37806017905
53.12465781942654,1000.1864832447953
19.869523899261708,1002.2662313335933
97.84073091128059,1005.8890957220998
73.86253730248428,1022.3953034134072
8.100079496575418,1027.1843761998919
24.822925918601,1048.0560884994343
7.812567561224593,1044.8561244447942
37.009635765878265,1022.8310204997989
82.2684554489393,983.2367145649378
6.675554834442066,1018.1715334274891
16.535719938920312,1008.2548154890943
26.744524368225207,1018.1345107802341
62.408030164130025,982.8123461281942
97.46834478583918,1049.7033545199024
82.27320656705544,983.987085929372
20.09265169060389,999.0875954033305
71.00628066747386,985.0486820256598
55.63877522380456,1018.332777420299
49.162786519733736,1004.6272807587909
90.83858070043304,1006.2709889996902
58.8129755949194,1035.2417264600558
13.720967479296887,1043.2814080898522
16.496779055647835,991.5987888181105
92.19734138855232,999.528385804197
8.020519581616114,1013.091003413761
13.791411041737966,987.9017169099392
65.31136838100272,1007.0576657436122
22.433741140043484,1001.146163193042
82.60991034111457,1044.5383435923402
41.60064778713563,993.8973884304849
48.23998127880385,1030.4847978651367
12.863815767692355,995.1125246127419
2.8163609753353414,1023.7960865133441
75.92362322417372,1020.7393509698336
7.398970375480484,1012.1107004896655
64.01590204338349,1037.183511152735
53.7531451344345,995.5902036064733
51.84905463875859,1013.4096156817435
29.968502216307435,1048.7692320996234
75.60286356710962,992.8283252501764
40.061355138469224,1018.180271838826
15.125457180975566,1000.517404831593
5.604314037767222,988.6664241650759
34.2547995787465,1039.611508662478
60.80549794500912,1020.4375189100142
22.032209319154273,1020.5180484457208
74.22047933730614,1018.1734316085274
10.872581326500796,992.9127674774122
47.19647572483107,1019.8043215910322
53.670425332459715,986.397231010479
82.10120962669403,1027.7849309293858
11.7947682957816,983.6020017641667
0.167499407382099,993.2405781880183
53.37097117512868,1000.5952457965915
15.072507218414543,999.5251852361915
57.16933663458366,1036.8471602272225
3.2902805759430387,1000.1425451221224
49.06750195610419,985.1770531485316
39.07400058216071,984.7587885509425
15.624738243717706,990.4589463569457
46.78472413688216,1007.5934330323696
47.716940830353096,993.7769963615225
6.788143433830562,996.4515651641249
67.69077928446383,992.8782958846729
91.36999730901167,1000.9114778050164
61.34427335030937,1015.3401110036173
62.71912945576285,1047.9942950178986
74.8403055339874,1035.4393309313398
93.60706086069423,992.0764492422109
98.24770099875553,1036.1995483287583
49.26848752549474,1029.7065120928241
94.50078340440055,1043.4058886928888
35.924264062264356,1010.4294713467095
72.76448018535098,1040.6969077794768
93.67956851643142,1028.8663176769414
1.623277738115958,999.1164803279061
92.05432422211861,1007.2843303942846
88.50501127176501,1038.6935012762328
20.548580262251047,1036.5398595866036
40.97135997466685,997.1854180902883
12.291964328588456,1038.539172343128
74.71868070268448,1046.202995036753
77.74135601794165,1041.4438621039237
88.09419204310186,1006.6901619399093
44.14519606716867,1017.8813256905678
63.00614901694244,1039.217244961105
84.36475202595983,1030.14802992812
9.337831724815803,1029.637345808971
11.91581675877671,999.9676022772971
81.7784653379687,1022.7561322958472
44.19694737134859,983.8122781024263
80.28693878272374,1000.8003179693267
0.015038108085552171,994.1952206333453
11.502807960773353,1007.0910202007791
36.83432643678146,1031.6760710373514
39.765720059567464,998.2378789441088
83.37578807060014,992.5240563917682
50.97824983290283,1038.9424972725685
91.79645340523743,1044.0568574762483
42.46977056919615,1011.235161743063
6.696385261630333,997.114844029909
45.79620447204654,997.6656131261694
41.100878371486374,1009.132592141822
54.94572519173973,1036.1710056298612
63.982915395592435,1019.3037176585901
5.8904470442266765,1020.413516280162
61.752943265845204,1048.4710120946452
13.227367030593939,985.4372637803369
43.18131838784951,1013.2509375317621
89.23301730765345,1013.5581606580906
13.383652807049607,1018.7781783038142
20.875950660893228,991.7558166154002
42.301876341829306,991.8245503879313
6.03938712493397,1009.0813992665569
28.62766139163948,1022.4352079404034
7.746912782586235,1001.1961767523867
47.70436210737763,1014.8263442881503
57.33787248278139,1049.073009203233
74.92823555021944,982.1301712172879
92.32393801200276,1012.6107100077851
43.76208941199938,1013.173328813981
62.78099516269031,1028.4264472104383
6.006829089164412,998.6480080701192
47.531382832000816,1035.9953847228517
87.00073629596982,1008.069539401854
59.22786870825657,986.6613674833178
37.51014129982331,1024.104234934337
8.924627034682198,981.8475201079657
49.85858788649463,1030.176153553989
91.87033173373462,980.8498208432391
7.389422816593028,1021.7669141651854
53.087141902468375,1040.9624385640802
42.632328547379515,1028.8885899083361
75.94638594043187,1023.7040628317313
15.11504764453302,1010.225378770114
17.11952773615818,1003.533686183473
71.60043512962876,1005.9206864660925
67.99575134724469,1006.2518493987221
51.76827935162682,1017.0918540600721
0.4558070912777268,990.0331056746915
85.56647760152495,1041.7317354593738
98.73976729273946,1023.8112881013931
66.74442074141515,1006.2105359480369
93.32279456145662,1048.7548514880168
75.78146029737168,1041.0769275637697
68.4161923204092,1022.4771332674725
35.126349593570296,1006.0224172917477
7.965966509987554,1005.8365699199189
3.217089088584668,984.669470844575
45.05615335624683,1003.9764679550959
45.953574161063784,997.1978959903249
38.6185243241645,1022.5985785585791
2.992301438932965,1030.4114439893053
19.934523688195405,1000.4697367400197
13.651449970910868,1018.2303249593175
1.2738601599584398,1035.0955750214596
61.913356412323,1024.9332667189794
9.894596464814098,1032.0562918755031
14.838953551695877,995.2655781405856
9.911316292865136,1024.453492511405
76.46654092051192,999.1649019163875
88.33784034832107,996.1525411797701
11.879402978137431,998.9656095407578
61.56649333921374,1005.6567858067267
61.968864458800496,1012.9658291576568
28.132649058419446,996.0483009798459
58.851322503130135,1004.4974446704242
43.3281749211976,1042.754770057954
10.764524936298535,989.4238835264886
95.82470662659533,995.1006841993963
67.8635442534158,984.2484885059897
95.39595101794939,1029.6216790825881
15.102330739273729,1017.0587499639809
79.41536782722405,1013.2024238487553
42.062581782364205,982.409062302148
92.96861468665311,1047.2939865859755
68.69909570545775,1039.0854155268928
14.716544300335599,1037.4261875682364
3.2474577933690907,1041.2652232876233
12.562224175887826,1034.3917612649902
71.26897771616186,989.7606297160266
1.0541814088031343,1048.004470168508
47.82645002000551,1045.3602931058113
55.30533233767334,1028.7253977965281
81.22675819649324,1000.4407473569653
44.65948502605501,980.0777775873429
0.5486695265095598,1014.0103238589617
21.878217961517876,1021.6362430776065
4.75542932316163,1049.5786926213787
98.09524049213444,989.3040525934802
63.8422334817243,986.2174068244955
0.19200277026085733,1009.8422906602268
3.8529194501316644,1032.5669355587083
22.55220330886887,1003.8049230655843
77.88555215010241,1026.3652176883681
39.90191854596101,1042.2606870620627
50.5362510583972,1035.5213393772344
87.25087754752454,987.1117100966818
89.1242926958027,1011.2252729000103
42.78382133647214,982.6594858096712
76.01594776395537,991.8046827105508
23.417580926270897,1033.9497718562468
17.518639955310867,992.1865192285887
97.62942865808434,1019.1169834516853
63.82010106193713,1023.048494033772
65.72874626922024,990.9645435896427
87.78378808585963,1044.0375513786225
2.703440199086471,984.0951293206034
28.588838786808278,1044.3464214022513
71.91700166517863,987.9659571012492
45.46231906286585,1043.0608988339477
94.28689595535121,1005.7523648865275
45.05744964190546,1035.2888552862053
12.703221804242947,1007.5966344673603
90.73002661518127,1031.3209538135632
0.511677256246168,1039.6673528774327
75.87634947029133,1016.780721500335
0.833765821962984,1008.1497696935138
46.32150465449535,1007.6242848096132
20.554669993922936,983.9614234006615
95.16628537634972,981.0371001954032
39.67404960101454,1032.049909398455
3.0952824149164226,1009.0779638381647
77.67943733625651,990.5764937902496
31.658394868727633,1041.0075897961858
63.945834009198144,1024.6440207894075
40.52280525104782,1013.2153113849391
43.85140917009186,1004.9889495277737
26.37964426722006,1004.1322428463867
78.83326084240687,1005.9994196540193
46.372049013781826,1042.0588035103833
3.961749637798717,1006.5022889187302
94.47671695782256,981.3521501733484
49.692078362284754,990.1453584159107
48.59719474528652,1004.2345765169413
34.645065540002854,991.64465405272
63.5147835490334,1037.6087023124312
40.15426058450853,1049.9112127527637
74.94793492947598,1003.3914114604064
87.65825736691525,1013.9630443699091
48.97314647662553,983.3332717026996
65.25523250350331,993.6124879730949
29.55369928315479,996.0342353880642
62.54027980267506,1007.1238039904035
63.523939354496484,1037.8491626807543
51.19749249585483,1007.944719041523
15.984605796805996,1031.900002667436
72.53098669155484,1017.0012920633146
31.96641096326529,1026.455444329934
38.82147904010404,993.8056642967332
85.15438522483643,982.7168265924951
68.11250540905462,997.266932286939
8.267089712495146,987.0862865331603
56.537908849742315,1029.1867731308698
8.692011440846347,1019.8457864848165
64.54564902537541,1035.5581913178137
39.465231216070286,1008.1817475459969
81.29989571441045,998.2344515781767
78.01788184163114,1040.2728598839471
99.97083787749268,1019.5871367393906
29.917027275270826,1013.1029158018583
17.507879576399223,1042.3940624340848
18.531823838407757,1004.3468794363455
59.891898669172875,1008.6231540797322
33.45441510782494,998.0211204864878
90.68548298993514,989.2895263639654
7.935625069645546,1019.9627254876535
76.48168119193937,1044.493949242483
48.97106450304053,1025.416161624766
63.74334360110081,1026.4702296462594
58.782424454976045,1040.0896702091472
53.0258603924154,1029.0084734403126
69.83473549683819,1006.3158301194428
54.570633878582484,1036.2327575923007
92.24716976726162,988.6798159814539
55.167758589743755,1041.0028256840692
91.96657324166434,1015.6399303992027
80.63350777087678,1018.207501611156
84.75478567542102,1044.587292168595
89.72874741926584,1027.7875922517214
20.255642284496535,985.4717939347214
34.255461790703976,997.7034222084492
89.93739525756794,1029.7536553354425
14.921479152104645,986.518473253205
49.01448921741785,998.2907732647927
10.47485482776722,998.4580961499037
15.25468065803165,1029.5395995735983
58.888928582374625,983.6136303043456
39.61015156013953,1004.1486799254473
42.36921256217083,1009.8461048776701
50.81314517534994,985.1304957732133
66.07279119966054,1012.0881076790605
49.932947442047826,1017.1985408156503
34.17723889771816,1047.9572987138608
19.28084747221367,1041.146272658513
46.44731374458051,1045.1387232073323
37.555302845440586,998.951097781848
81.54452418390503,990.5117067874594
1.529718548743031,1024.6944654807558
57.03977871139715,994.1067418637639
61.84592649841587,1021.0537460388018
98.78965440788878,993.7007384278936
88.5364217460648,984.5600818535795
51.75672725256517,1011.4246938690802
28.851545262171285,1024.5514863263309
1.0184999111731652,986.5894266026694
24.078077846325375,1018.4802631343658
84.74353888201574,1010.5784419942362
97.3256241931846,997.8669324782009
70.10542416851192,992.031451817809
60.38542081976763,996.402816477009
60.62341315908941,1042.7628081342878
64.99076291368068,982.2309315145885
0.17891186466393316,990.323915505598
36.99584038350557,1016.2718909000982
32.92788221150674,1027.7848641260343
97.79331891052493,1008.7223780568783
0.07266990280656582,996.8250483189926
73.63447169766438,999.2043200988489
40.5286911723989,1025.457902941145
6.476037453442773,1029.9031272225322
36.09528607937313,1047.9199949809083
12.784881016904182,1029.245546665102
3.735996350614057,1009.5340825911788
68.34530622886044,997.1877660914791
2.46845740460655,1017.4247136554321
1.1964104010368959,1030.8596333884734
42.59840245161579,988.1614414836405
13.056534990059864,984.1866436523316
44.61276154296798,995.6910771469387
36.603431791414685,1009.347312413695
10.227735303949215,1026.7022092180778
63.970717598971326,980.6400538924119
64.97221862985757,1017.6989388361607
64.46779033824701,1000.361227236
86.46300100613867,1003.4510852923754
0.6773740742448187,1010.326096210286
2.7735020978141622,1012.2017353627435
52.316528598212244,1008.1246383304259
46.60155280416615,986.1175158344256
99.05674753000676,991.1400597066709
35.75360696491846,1014.5351558789162
38.910419437636016,1007.0589748003457
83.57063692402804,1049.7691174510023
62.30921783639061,1033.8733652650833
7.107512099836855,1020.7995887663835
5.765929484178455,1018.3484540702848
52.85518029873957,983.4997193987574
39.67723518261472,1027.3712073067663
73.54313313501693,1019.5801122528472
62.80621845770293,1016.1130109721632
0.030653721113726995,1033.6511276215215
1.6877657329102291,1034.809327851362
83.97144865253495,995.1683456730213
16.458518012381194,992.9254451376295
56.95955176189952,1026.176657565063
94.04968097628993,1003.1561644475414
96.66066444882597,1011.8345407201807
84.42527360701256,983.1064128689126
88.89232509645643,1009.6057258859306
90.5058750295315,1045.9294279242727
7.655580980737575,1028.1368017304503
85.7242821069711,1037.3583848392311
41.573212723775065,1023.9267300006067
4.2665654372415425,1020.9575887212816
53.317110012560484,1047.9598468238485
11.670404555174551,1014.2799714807038
7.911447068794097,1035.3211374102561
46.757881861250226,996.1987672787423
31.476898575523858,987.1372794227112
88.13176805938522,992.6928894459609
31.55908434566782,1003.961288181045
82.2576301171341,1012.2477998873148
0.4891214783275033,1042.257092622497
94.92085347753272,1021.4837871877543
5.432902461921197,1024.9827064930703
26.288335460304868,1006.946433276098
2.4886569354063526,1026.8733957035504
95.93549381073781,1008.2881162040633
5.168511831346656,1022.5648380559
34.90030415868719,1017.5067003344775
66.38402984142887,1001.5534579438233
32.201579661091074,985.8521735574213
0.7486740575623263,988.5822744769475
24.057253304867253,1020.2433952089586
71.46926466686183,985.117799961194
37.82784278212116,1011.7138897991515
82.02853381328062,1042.9342656279382
73.89799713639749,1020.7847351779595
58.59865738966199,1048.3664071537014
9.447532514937308,1000.151657600581
98.19994092904568,1025.4939403434958
52.067285689768774,1045.4328426916784
26.0179284890805,1004.4582976858698
60.2134638525865,1017.3506383283703
70.67798196054845,1039.30249297951
46.75044983473848,1003.1934279470748
64.18309829052995,980.6267476043511
10.804011817474501,1049.3157862910884
87.40655510817305,1008.4285803613275
68.07251313804429,987.6632498081468
77.29869603729297,1031.5219227174446
11.3735060275717,1002.7541647066093
51.93026825970628,991.7919711646459
69.25947805409707,988.2943361477714
52.22828495120234,1028.8301530418264
9.920899455986664,1049.5283550320667
6.065919135061715,1007.4340277553471
61.60162356561034,1033.4617025774612
79.68912629599298,1025.7968224002668
99.6629040896845,1009.4673056555512
56.821747755071115,983.4253758423315
22.949734716671344,1008.6600268060778
40.507656383690026,982.0485978767061
10.663964979177843,1046.656915077047
41.387066897635094,1008.657174563446
84.01672799469233,1020.54681311303
39.019971189142545,1045.851441604652
5.1733575809376315,1020.3217230391567
16.591142079604047,992.0630249504574
66.96777028320436,1046.6129505206725
69.12255146949214,993.1557909272582
19.804174958288957,988.9702300463717
81.0141542177507,1005.3716006427809
28.085563188731342,1010.439558521791
55.57152336108252,1048.4160754275026
30.77056422307657,1018.7838439270781
69.31170191388767,1036.408842108201
37.567511484816926,1033.8288611714943
76.18069228193889,1008.1558373185516
48.34260966530736,985.2254465637233
64.02702336839451,988.3811860921405
92.6053137760096,1049.4902089741452
43.5344781000944,1040.1961684175717
55.064497512926756,1004.2002782220279
18.911778954883896,1038.29461984037
69.34322631602173,1042.9907170113097
21.270744872240698,1044.6376566334259
68.99582074866997,1041.264419455678
92.31834303432086,993.0353930061893
94.13008892605711,1035.5425532421675
80.18281854336541,983.8944610298366
53.914459659286884,1036.4568932351815
83.72185288299437,1020.3836088715093
45.775969986338595,1031.4455378541052
37.69177017324486,1018.4793893168384
70.23351294557564,1021.8263295117036
20.732410502995158,982.5914961780443
7.4279539476724725,982.201904565215
36.60266251190525,1036.8491422722861
34.06353447219676,1000.3739457165118
12.05241030781643,1036.5049980998017
85.45622958463828,1029.2452886190763
66.81477881082081,1019.5463365300628
2.579116348956856,987.3472654132719
54.015955710778506,984.6229682857352
15.38031869501718,1006.878704240769
51.12201367466628,1044.767632662055
77.12525593729495,995.8384320584822
41.305361606506075,1009.5568523543565
59.68648886858996,1024.9181457040188
54.6438929059197,1014.7691301494777
57.7605859758019,981.7567167808864
47.81171345106577,1028.6700553336684
16.70319648584453,1044.2885372158755
24.161426951295873,1021.9786008728368
89.40493466169495,1020.6288878215241
73.82064873596961,1038.470876915167
98.28658385565365,1038.2986882543003
5.41300762443897,993.0729569438322
31.657210452031347,1009.5609403002837
95.92876905305316,1037.3488847411797
43.93788109066712,1031.4383776801594
60.43374463328397,1039.1071624199083
56.974143926323826,989.0610316242769
14.068940320214573,1010.7626942706802
73.11042985282442,1029.6267252221774
5.831259847690784,1031.1112878088206
53.7962891491907,985.0263442272635
55.26377842181323,1029.8358249556875
20.184845040245627,1023.8359921443002
75.04242255351292,1004.423915511249
89.61768162502534,1001.2876019421594
97.90679995575177,982.0306544786514
2.68169361396311,1007.4392870247194
30.972490681490772,1001.489657534681
92.48238134265128,1010.2050959817707
5.050540703018791,1029.6121931509817
27.202519358396195,990.1837335568404
53.33885543338091,1013.5973702296048
74.01971393745764,1035.4997301798269
22.805642055749086,997.4044213507839
30.034418781363946,1040.4579069871734
19.453842922889464,1045.3071624793092
44.3062054328695,987.8987726358462
50.43460496663599,988.0990346096908
89.92269707006962,1025.1641397394958
77.07543804378597,1016.2032992068413
71.53450506039616,1043.2504301821161
57.266975815730014,1036.1366333680367
32.85802025685609,1015.1324793276968
7.007694030832024,984.8083356213408
25.88076050071827,986.9209334879749
19.468725902415752,1011.3943707590263
22.789727877967046,1001.3200133295348
22.677488117967993,1046.0190600701376
43.05466815459445,1026.609207559009
38.07148796679184,998.9371405443087
33.70467626448998,1004.9871035641362
88.1237571488412,985.6547903938939
20.27374145751648,997.4781631147372
16.365367219373272,1002.3139980287315
7.600289463660703,1024.9363841182055
92.48601554759082,992.0787614282424
19.434630454148905,1027.4028589598295
57.22679850530409,988.2354549038284
37.371781933671336,1042.5888277486733
55.529975073401516,1023.8505590264997
64.25663387203791,1020.4230834062436
84.00770297768483,993.109018283879
50.72630329555733,1031.8609455485687
32.72407115393858,996.5236513317104
18.107992370685476,1035.8630254685997
60.6817021438821,1034.5268211010875
13.20043883479326,1045.7577026969216
85.5807152306629,1034.7885262072523
2.7789487979944516,1005.5461629738172
84.52998423285716,1015.74565724654
21.92466218671657,1023.8808328835869
48.78578440359676,998.7262645522864
73.05207028727449,1036.0036132785897
78.41668388952904,1003.036862964093
40.1779789292627,989.1095254676235
49.94547588657012,984.1664999801768
2.957265812830301,1026.200656668692
34.40260592129478,998.5297958423827
26.15788478540556,1039.6102988891948
39.00690741103329,1034.0702293995962
30.08933703196306,988.0645566035465
15.973980365010066,1018.8696859600601
94.17303183978338,1047.716172721241
42.92788343518219,1038.0461647603167
63.78027120433184,1041.0567694958977
92.6761136197114,998.3929689679112
57.24738148502333,1030.7834886416445
12.699916504992181,1003.7917157766648
78.85813568575684,1037.9643863879662
77.46640719739631,987.1856551522554
40.460974049830966,1027.9579868811077
53.939362470151494,1025.1433023732102
42.48860046694111,998.2922700460101
22.42444538698284,1024.2513032859888
76.29217108076793,1043.761666989396
74.44350262996592,1023.0616080909369
64.70558919140595,992.8830107247168
45.564049055385716,1001.4313689468876
46.480603267866016,1004.6090903668844
29.84438484276204,1001.7818543906714
26.572459055223618,1027.9085237168267
84.89713968220119,1046.500194625984
85.93742224137986,1015.2737114332916
1.5344877949039715,1035.3179936519027
71.96063468648528,1046.1069550822465
32.992211369913136,1006.2111090876436
91.93473436971172,983.2395088426381
24.212015317306534,1032.7311123226507
33.54031390498091,1031.4493229993354
74.73360944969714,1001.2276104405205
7.409936006876505,998.8390918680444
70.80390468155599,1029.2329710075762
67.46788236766706,990.9483592543316
30.402164588958957,1039.0413757654442
71.27693188239724,1040.2440320086682
90.29247042368763,1019.6443900206009
80.39412207555995,995.3163489428214
51.78423426461387,1046.4302139212612
13.244550206714322,996.4697104973076
89.23392334821268,1001.6300728249889
48.971807942851086,1010.9282434588365
40.78775292509511,1016.4510963908384
54.775317856938585,1011.8862125491113
21.35476256875599,980.0144863937445
33.619115780060106,1040.3537521785952
73.55055430439783,981.6617034986316
56.3474382067065,1041.7085426931733
76.22788552038206,1037.597242153152
76.1964602041976,1045.568937550503
75.35793984909569,1001.9774415127872
14.418861865248832,992.5794899794255
65.0201451148775,983.800056836861
48.01799250683584,1028.1419887847605
6.209095232482054,990.9591196073758
83.5053782511844,991.7482039306931
21.97151746522431,996.127504528309
1.29402772629591,999.5033341234504
64.34368864569616,994.9517608949083
17.210531223439972,1022.5192064665438
6.170667283090681,1015.7781160356546
93.37709367297484,1025.5480614046803
14.847859879073876,1024.9433750829417
52.00493316392439,1039.8609029328975
36.72992915086717,982.5708658246452
4.474059783233686,1019.0398162047098
31.43537687618483,1007.0159112907179
35.04703866554914,1035.2485265605978
49.343768697861876,995.998832373724
70.67345745006033,1022.6266203276089
99.99779517807228,998.8715396816079
51.85712700486484,996.4269829381336
94.27531170098192,1002.9485889544396
52.745097341480594,984.4503019166536
59.36823175827851,1032.2470359510216
13.906702914905145,1041.6917042329428
57.08257973971729,981.1889576653
26.05620176323269,1025.6709690598693
27.404842679220998,1019.4030464046251
43.387765616560294,1043.3775730152379
65.37382678940806,1027.975215871461
61.7329719619644,1009.3009482564635
30.627564914549545,1020.4737230819139
2.8751621937363137,988.905013902392
24.40465801236763,991.3505084164598
45.28310478371793,995.6685862431602
90.95154269922683,1013.8163065912797
61.036284902688465,998.6776877486745
87.7507924654258,987.0381072017951
59.40274431601962,1016.2955912284785
44.316743600093986,1028.8480839718875
32.85818087696772,986.7507357656006
97.00932119220379,1031.0266973625733
47.82487095531993,981.6567717398316
35.92466881268579,1028.9258436393384
90.77281976837614,1046.7159678420496
81.18643591135152,1011.9736802447289
58.873947151108055,984.6123530156268
56.60642343822392,999.7877441073532
49.73506184674123,990.3259669308982
9.631765224583887,1015.0655601466015
68.74972146658489,992.656241308711
37.55335371414588,1049.7467188732526
1.7022276385247337,1009.3696062843997
72.60556872527096,1007.1138830834278
12.930701247372689,984.4914860632409
79.7916640873616,1021.901315272365
25.956557625440336,988.7012325851636
58.6407621340146,998.3219025682029
56.9764119012666,1000.9397473942391
17.68701786510278,986.8681194265633
43.903734992196476,1038.1009687109254
81.9037667600363,987.7370307384673
97.19797205894926,1013.810352183205
1.8165086873526137,1000.2343805771845
14.665418301279221,996.5581196032591
61.743957127285434,995.6307097034429
0.25131063050649605,1026.8905063183445
75.79900174323451,1035.5658253532383
58.301290878411926,1008.6239350843495
67.2864540041511,1002.2969812367354
62.424089416633365,1031.1724927898667
59.90137899303929,998.8414961898307
10.241239250712187,1040.9322517258913
23.522474818799378,1000.5714275200063
46.39174423486503,983.5876794475205
33.43904959811964,1012.9239838090992
78.30605269926757,1000.9933750073445
67.52730014334624,1012.616763390344
31.147037642672416,1000.4418513237189
95.10892379357337,1049.0910240575452
64.42419357714809,1048.2175243585648
84.66251671559422,1023.2274643962911
90.45852878729909,1043.4592082095646
19.763325637926965,1001.9055176104895
39.77311936298465,1035.1525025274732
6.096895710827221,1033.5536772200771
14.78211423998027,1004.8720159536348
58.74662404772718,1030.5030211322633
51.7133204295892,986.5532199039042
43.75234420524791,996.2806830278757
71.69623896698697,994.6931234025063
26.590655390465056,1023.8039936603857
41.444709742024024,994.1233520908988
93.82162707107199,999.8490040103254
56.709033635513464,999.0651573243233
68.14334990813109,1046.0344643027076
74.54971686236132,1046.3599813727976
44.67143435791229,1038.215261715121
43.08094539162188,1011.6065373516709
47.020433726389456,1014.304617710504
86.20196996051985,1006.2204107200208
36.36156156207938,1012.2580676179482
88.52820636230297,989.9052694581229
4.09168324028516,998.9689123787681
25.28351598754377,992.9570914465348
89.73888178425896,1041.6634308773541
93.277098770378,1028.2981214844929
20.767491859763766,989.3334330498508
21.715976367492285,1010.128665954525
75.42459125940583,1002.7949832522418
36.146543942078125,981.046002571354
20.56558786158922,1031.7599259568053
22.723539240612787,1010.8146871301998
30.418425833096798,1005.3161813872897
83.29879457801033,992.7505771173727
45.637765884793566,1014.1802486675164
12.708861207970024,999.0147309873342
37.153607779513386,1015.544344134989
32.31677929228034,997.5275344931641
7.610170408872008,1000.4851685158342
82.32915357311602,1009.7614126922921
73.13505482406292,1022.7638022981632
43.55620985088634,1038.9794045428207
70.15428561830826,999.5058251124252
33.87094087134535,1002.9161975710483
93.58360142997616,1025.12724438356
50.07817163687025,1049.6391756295784
11.120292457453173,996.1536212705796
47.51819342843439,995.4541507992359
36.01307939534796,1037.4213794425366
3.410418998043918,1035.8648732163972
34.970979761909405,1003.0308267449626
97.63408177929685,981.0325049768986
25.96493653841313,1010.0662633721447
72.40027708123328,1018.0438560474865
15.413984555745996,1033.210810146149
16.93204844998507,1026.2662940122345
29.649097016052185,1027.048855220978
1.4614720515555124,1036.2366441046706
48.36453641618805,1034.2410316928133
96.98255037310616,1013.1277740421876
28.153091144491547,987.3368803795593
66.98275620640939,1037.0034899387322
84.42811144113628,1022.1241800022118
93.94560179124196,982.310943384245
2.532633220456304,1035.1943741855805
84.51184246110158,1007.5337598720955
8.1399586270396,1001.98790274443
31.338667140298337,1016.0533847511823
74.26521103683334,1027.0092232161796
36.823958663976356,1044.739246446211
5.6515625093180315,981.8212441158548
74.32450113749437,1001.3270066266078
55.676607568354676,982.8311430662039
46.52602412158462,1039.019193819151
41.35568891047511,1029.2476466388705
62.81556708815808,998.9399152815231
91.704962125849,1033.8568912532498
42.045967095058536,1024.3365870201924
38.76140806742273,1026.2091374316742
36.12668295668073,1032.5300799282859
19.9190714800516,991.2684100944487
83.2763197812861,1022.0321869866019
23.016157765452107,1016.2350051921801
55.4411585465911,1003.8334964114528
78.13413968149891,1031.143667369372
2.579448099906001,1010.3968076754528
50.351410592390465,1012.9047657646856
40.22183543389827,994.6464122365928
7.2783049892328755,1031.7267812701814
81.87243585789759,980.7420310147
40.29862463057321,1014.806285280071
37.27027081362557,1017.6351403575724
67.3416842555037,998.730916948017
44.34763728476477,991.7966351892284
37.20841154267758,1004.3572872683011
56.24416130817605,987.4107624115198
36.12358113412887,1030.4828084246208
75.36367849199698,1020.6793196339917
75.8285193705396,982.9238277281917
75.5040576337117,1046.7680861550657
79.03457689795522,1034.0233518386783
54.34725562463806,1048.2072849340557
82.00676824471941,1024.9939138213053
26.848357559923564,1045.9479604499998
91.43941608352178,1036.2207742207797
40.20363383929828,1001.6065090117967
53.02157678808871,1032.7903526316454
16.624515731612032,988.5124561857727
3.504399745847253,1015.4444549436114
9.175484460432449,1043.6140481816258
0.21782325955088666,1016.723426802592
77.06258117670909,1046.2698350580904
75.96322224024388,1006.7239715805055
41.6756624492653,1016.6907502786494
60.863385988839056,1019.8646825227471
15.004428264856584,1047.234837848194
84.45494834679398,1029.537705910358
62.10661075880134,1021.6370585955672
35.236623536044775,984.5996359137505
85.62891173064321,995.6139783140175
71.06284804099873,988.6354722108391
41.82770354849789,1015.7810833272355
36.312148540987245,1049.3572234486508
20.1515131243687,1038.6288083032014
17.4788771300704,1014.2184577274805
45.148407639573584,1016.0075363693117
36.9975733398444,982.8916309175698
6.1387903029676005,1038.4702413417253
31.01490324992514,1006.7281707412632
13.373941274340872,981.9356197826229
80.20842826887446,1044.700727733965
47.821613698674305,1010.7913736818359
18.41494189402184,1027.2200127900853
16.143146799340848,1017.8033129366586
81.86325613506472,1035.275785797514
55.678874607990934,1047.3665472647908
50.29166929179038,1023.4675903621472
44.79990163421114,988.1843386007935
74.45022908100495,1021.1755428150427
55.03180383061267,982.219542223337
11.932613890893451,1004.1388804980362
6.9457527619461334,985.1791595985989
26.78733327553571,999.9997281952269
97.32639930325713,1042.911018930148
8.167300339049,994.8292877913735
53.79903722625174,1034.7756996345772
92.08591927772872,1007.7473998053223
7.685647915872529,1005.8444656255881
19.02584407232143,1039.1075732789288
62.09882239396364,1008.8865193819954
1.3831372461680869,1048.7684843052623
92.62517964239801,993.9194239878227
10.736093235439403,1041.5643102091842
6.042629766441177,998.9761007497766
19.222975212350136,1018.872029563286
61.03448635397801,988.3879241795742
94.10637475902467,983.2810973450324
47.907491579296334,1006.0937155725591
53.52699095170208,992.5498465258488
44.308033103083666,1014.1742280614418
53.63473283730771,997.0094424582486
26.93527465590003,982.7211598672211
69.49268157229955,1030.2805292287023
70.99285853633248,1003.366020336912
52.084103230433165,992.06113934701
85.95083868750176,1046.3581467750982
66.07967871652502,1014.1991415924948
49.34955089422475,1019.407094731596
84.21132609864196,1047.3556483802708
58.4320546851955,988.2708080309227
7.600243310729549,992.7588545907925
80.26081067644807,1029.7143347934814
84.55903388181225,1019.2551761937393
4.807609615441743,1009.0690307691956
77.04158719475585,987.8508523208835
98.08588710857735,1020.8772059169585
79.07331077229513,1010.9011763272034
39.78794562599788,1026.974636303389
71.77293639412116,1001.0295194806197
29.217422037538697,1008.1757039876292
65.77465844009774,1001.5611493772101
51.75209486562324,994.0652394182389
66.2227407428941,1015.5609753284658
41.383578997582816,1038.0397130328674
15.416755408644356,982.4102609335174
42.10430439060491,1013.9765336688082
47.74091184718288,1032.6471010213925
67.78617515894295,1024.3838016101372
28.451369556858243,1049.5117933974009
64.5650776402966,984.0067130921515
23.383749483744698,991.3219574731335
76.49086776791715,1002.3775829511476
72.21115994544708,980.4359043498954
11.77483072429364,1016.3626349476722
59.2654903863343,1024.844427680669
8.80500269296034,1009.3115470880689
96.91243185508291,1009.2138202540638
33.92396282439475,1041.4095169464147
2.0261149647881282,1022.833134071462
50.36150487320212,998.4451619634781
12.186266862307837,1002.3752139411968
65.09428121267115,994.0577242228861
73.10060859393762,998.5250103420136
85.92659733128383,1026.9113547537704
88.8643501929777,1024.6434746869254
30.94495362992712,998.3152675845789
35.77597425009572,1017.7812305809638
97.44728953406346,1040.2442066557837
43.39218223185809,998.786560162206
40.47058662834764,981.7427340730796
92.53606319140601,999.32603906115
18.730232982211724,1045.850613738857
47.40757745008791,981.435871546884
48.54259740541623,988.5086860894893
74.25282586935403,992.1606974264679
43.54135024668393,1029.4416011747994
86.32221120549012,1048.5080541881198
67.02469813222248,1021.1816398596063
93.0967532572797,986.1948564430528
26.202118844280854,1012.0597658960006
81.24025081584712,1034.8149328623338
11.677320895906751,992.5362136900292
80.19300984260431,1000.708825635793
84.87292395469763,1026.7302150361909
40.659648306540376,1002.2484278380717
70.00138364418991,1031.0200533983902
96.87024546738257,1035.66031932836
18.49339025159946,1038.1547382033061
61.81409582708754,1018.5887080050848
4.7430530757854195,1006.5156445013679
33.86036750262292,1023.2924154672858
14.11867841262725,993.0389666672877
53.67829916339966,994.3195631762858
60.32158565616197,1037.3093063447075
98.94057680301243,1037.2094454704231
96.68024850188634,1008.4803837537756
88.26613406922584,1012.7184297742581
56.74812846565113,1010.0827179321274
88.60628513473452,1011.6668651863073
35.49178171573638,995.9453893261499
20.09312518302503,995.280194441777
52.60453870306902,1038.294540828109
53.120929833569676,1026.6957453314208
91.00716390471302,1048.3045130644398
0.5736247522081794,991.2157407357795
85.55514527618718,1044.641180227414
60.823549686868695,1033.5904221685014
93.96444968033005,1016.930232190098
74.52159320928668,1025.7276236962925
36.62594510851456,1038.6338709306392
63.47991567673523,1016.9339343016313
36.971966412973835,1025.3167673946946
92.15654830951199,1048.3739055385063
1.9684758216413911,1030.420739179916
55.479013776297656,985.4932007442808
50.7331391153335,1030.1763133099857
19.013956312456425,1048.171314988976
42.81466618894747,1007.3510602241711
29.68920253769294,983.039971268235
67.04098416639245,1030.9127914944806
75.3128728257693,1001.6402202619144
77.13956880272157,1044.2547896212386
39.435192492219784,992.7777153023768
19.138935814886395,1006.3668058754884
29.40501096744905,981.6573913362291
53.4734109946715,1010.7091729095677
61.53026101008356,993.3002606611439
79.48729777373728,1021.7964620919317
71.97363915118422,1032.2330567696551
17.436990659146666,999.5887918157132
74.39909887728533,989.3611842526271
11.51107045487726,988.3820498106351
91.77544728074383,997.8315691760967
68.97700594466298,1037.9894989774218
11.191336648993921,1010.3148483653523
83.65778506635564,993.507497238781
67.84189146034055,999.8546047835268
71.1897126754751,1004.4947171764946
48.742887585568184,994.2769702889186
60.47052148098895,1017.766979784126
42.81136223127638,1019.8633821962203
56.75095574879805,1034.5706583615706
78.9791162570454,1028.6860167377129
19.976441132893786,997.2062947955528
87.58960400101374,991.0254402167859
30.600903805229517,1043.2715798565866
14.756650864257182,1037.794445818434
63.45490613013687,980.5207880048357
52.44097492996973,981.6398949950018
29.15334893053786,1014.2179123061672
62.81707217233395,1038.6837978631138
71.43518740441027,1044.7737502973862
27.258800776898173,993.5772427681537
11.664084046240896,1036.654222935741
51.03051171476589,1009.1205532122274
28.297931710462944,1025.6380084555362
32.52251409904433,1002.0879543548966
49.39689220974112,988.8180320756171
73.12004656425184,1029.5281723672117
1.4959980176729504,1001.5648515838183
47.82173717038836,982.080624422703
12.349014168125105,1047.6755126420892
85.32278234114884,1010.0156606976607
25.977674881794666,986.9515400809721
40.40034344609759,1036.8698615384762
4.742344874946969,1039.4023023712236
14.914278580668794,1001.0945058487844
0.17897903222204858,1027.7935441622685
36.00353092902223,988.4165681755832
81.06878069171877,1007.0956612888496
57.57784452359002,995.5061881915727
83.99061454250207,997.1908366885079
17.5458300743361,1047.5350025487369
67.73415530010388,982.4273002314943
74.58575638933894,1018.5512728012592
34.4000885990569,1024.5482424469233
11.429768112828565,1003.3693996952283
74.22027566274956,997.0109643802516
52.14705259831744,1035.7477844500959
46.97313237038166,991.9710018647427
83.7110039698832,1025.5377814432916
49.290612729697926,1049.9855933650479
29.497545938416923,1038.646131808596
74.843172804215,1009.6602322958761
26.9847187616026,1027.7190827661814
27.62854881517588,1021.1928394306051
20.87347894616437,1025.6476730596921
10.338732384796467,1001.8004772024921
80.15755960684137,1015.3490797237145
70.06849342056006,985.3514062463387
38.32131853984496,996.2390808263002
72.49844688446831,1007.981753462385
96.12457768037281,990.9708110246452
46.62485950303002,991.1641447497803
48.82853565390033,992.47923193551
52.90607545129347,1018.6063774506589
26.656018045561115,1011.6693821969538
24.800405985025755,1023.5442948026537
48.838472224982596,1048.6691273833776
50.07304610270199,1022.4886683422519
28.92819734951687,995.7685941797486
58.231293348426995,998.5784915439276
77.0791354853164,993.8202954393917
68.95786361732063,1034.3781871360318
14.710847145670481,1014.7759855691993
64.2391769949142,987.9517914811177
0.3418289490308424,1041.160227808995
39.26967668741066,1007.6988124705417
46.10278491530294,1022.6727113656046
79.55567869219887,1048.2231995138914
88.00938929819453,1020.8521250303895
71.81977236280052,1015.5656561952854
77.52522499295468,1043.5483649737469
93.16137924063105,1042.6830687616114
48.45471479506448,1011.9086318433561
27.972021515122968,1027.779496953944
37.014088552660716,1027.4465108439904
42.86238420970678,1000.7517847102829
31.61532482858075,991.4299518705003
30.371413878629028,1019.8155672224914
98.26898437391615,982.5252875414652
99.23268910729558,1037.6026009152947
64.29280915576341,1033.2438900002728
80.97938358061602,1029.618274277502
72.11448533472536,1044.9708385172598
68.21117267052523,1047.0593238762776
14.650819130172266,1012.7051451925948
13.672180725388472,1027.2372146094808
88.58398626534033,1048.2202774182106
1.426712722868484,1039.7416705286469
67.97638790481366,1025.7896144075553
80.47853385485436,1010.7644140560418
71.79130382090445,1031.9782638501579
14.440926258548847,984.0941686329475
64.05039957765955,981.622691689505
12.348677213218584,1032.7532087604868
46.22472784020454,989.0666639775526
65.48325231064823,1036.8319966025215
37.18700471876267,1007.6126747765722
51.72458364113759,1046.606364078627
94.6954550384964,984.4789103507732
31.038964791618596,1015.2020490450165
17.500990396814686,998.8864400548057
90.75651158169936,987.0760360389875
48.32537045192272,1017.8800095519892
49.635659913351525,980.4399927759101
95.35625932362365,994.7154457897301
26.780766621832107,1011.6263416484766
79.64776764925206,1004.2318028897733
56.015593685810906,1040.4219578787954
69.00177636004038,1000.0130292059649
47.064361801020425,1002.5493420498866
38.385883558617465,1043.7522138988738
14.406019030878948,992.0025654686177
98.75002011733409,1023.7205993803286
72.72010973905964,1007.7111815148992
45.506949219874215,984.5597778563993
49.291773543489434,1035.7839802118297
0.02538427120237774,1049.8676022056518
2.960750665656109,1009.5719224576237
80.75766434735141,1021.880942991225
4.616969545244642,1038.5974381285398
77.17126098675047,1035.0017148006132
71.33640594559716,1015.353665891843
67.93239327912491,999.8932898113158
54.45057688422141,997.6301250846559
34.7328188124099,1040.8478277842592
97.25981195284027,985.3725379040225
91.07375610052394,1021.3227121170676
47.431493159099915,1014.2392843125187
17.541996596965546,1014.4201492561469
23.457759134241527,1036.3416615385347
1.4016172954511075,990.6429672841891
87.22752521602611,1049.196572529292
36.341387539859525,1002.0207066085854
48.5819898266525,1037.821358533334
52.64532551877934,991.6673428129398
79.31332898155337,1033.158032130538
61.512970987409844,1027.29538488059
6.928096473784862,1035.6549629129308
37.709597269778726,1049.9399870951606
45.62685332551821,1027.8362432152976
71.8236005730783,1016.1042674972784
78.40425850033876,1028.9065764131872
0.5162746040837773,1033.0903165467907
59.86644995315265,1012.2296132789497
2.9745050676528884,996.0208717155521
83.54551855354681,995.2656753083279
24.00393600798757,981.5313119656364
33.313122503113235,1033.0946520713212
23.294141723552443,1004.4689577824422
86.77729268257634,1033.101407027356
30.068449593042214,989.1160752207354
74.21213218529115,1027.0551739451182
61.296867571911676,983.0118416653423
86.2721484258292,1021.5630271935225
19.776114073697993,981.8046019690673
51.72215789933108,1028.815513832336
83.36702063047015,1035.4380482937936
61.05980328662264,1008.8675449518366
1.2254802849643642,1004.9278480155275
25.356409269701075,996.2481055911318
68.4347652297286,1039.7716416981161
61.15891059690928,1012.7211461689723
89.64826252185294,1032.933529079785
92.55180551897966,1023.3898891715046
80.03155673310133,990.2051575367345
18.363899749141844,991.9099456326895
37.19960887561181,998.3567287148467
96.46856107067924,1040.071824067493
48.38259025307803,1002.6758005980403
33.39987227720231,1042.2258042062283
96.19974416065554,1024.0838572646348
69.95192226288049,1029.5818413135325
69.64425334558979,999.633625002254
41.23645726203687,983.3734911592173
9.351259710820614,1011.7724276719449
98.34955123785775,1024.842770407822
8.48008796462012,1003.4660990392181
66.59688181097813,1046.690702765796
5.110927893571748,1024.715781953761
1.4322947414984855,1049.5564789725113
0.9938385230199076,1036.0904249844084
94.24344947671277,1015.7196570939906
46.21620120672052,991.5027465026557
60.202972252148726,1025.495377059141
14.132073720942229,990.585772822877
48.7732869694225,1008.3993426388381
51.8803383866771,1014.5509156654244
15.264344296829691,1014.6272396673307
45.802669183254395,997.3476219459319
88.65180972974642,981.6097916230943
57.51978860245204,1018.7300079043653
18.595334755385185,1011.6224101573647
95.53213956530466,984.4670919944067
89.28473437480909,1016.2322406112564
92.70067847489804,988.0500230218712
78.09171396208072,1049.4277324134641
56.13596613774997,1031.8041935888493
77.5767895949302,1005.4684603961858
61.94136325088634,1038.781086563346
0.5694455545791288,987.1528406613114
11.62821254650872,1041.4446521053133
10.954564537564748,1026.1211472782766
55.38631814657797,985.7126546973001
69.5735028173654,1010.6212297817815
93.9352552826076,1021.7731160356951
90.12276238851848,1023.6613019697621
59.783442867279526,1031.5904656299463
57.12136033619153,1026.137954060442
6.831468751150127,1025.058194794428
77.12115591828012,1037.431227092488
26.595898914725137,981.4391286146745
91.79163584864722,1047.1799220858625
22.120556323361594,1010.1182892127622
69.63224086569129,999.9077576109103
11.229353621667482,1014.2732253713168
49.38824657129353,1045.8207699883706
14.89808967677504,1044.3232790245731
84.26854305573912,1037.2403363533513
61.40071031041104,995.6280585220874
97.72403349001438,1000.0180166766042
14.102452756707528,1038.0312894320834
85.61011007567504,1025.6547337777174
73.43101497347094,997.2157300861471
38.721285406444274,1040.8385001763827
1.7902218193430963,1043.2894100752485
73.59684709773224,1024.4440626405772
9.814793418941747,1048.9241483346561
80.89433739512141,1018.6074151883644
79.84940338830323,1040.0700648175766
21.572720353263687,1001.2255519279435
96.59086402299667,1046.644724363795
79.29019188469978,1005.3502504894169
60.458996775065465,986.9684721989336
73.4951339580822,990.8593923059221
46.83137245681564,1024.3416408266671
9.284703510753612,1033.0029303722677
63.6930253844748,983.8308215634992
41.62285314871601,1012.86588029348
97.88579058458184,1034.8944943114313
6.334502512893636,1016.8888930088112
16.05119793977191,1009.3209347378771
90.0349693232387,992.3859924747615
48.6992568587834,987.9547600945954
19.313545091651974,1003.3132533191855
31.26668642147765,999.9464234801475
7.6299946320511625,1005.7409604604107
63.39111208117176,985.3327942924227
92.00805449433547,995.8213445833482
57.01980246906341,1016.0721678121275
64.19818600408308,1049.4129161408782
29.280436872670645,1009.1034108309891
70.84189994916866,1008.9164436633149
91.51695232300504,999.8885452027388
4.637189464627712,1019.0404677568386
21.728083986877788,1040.1908921473705
93.66288747695951,1026.856998505702
80.49731940035949,1049.9078579345262
7.025724913943643,1046.169349147308
23.293203225933855,1039.0351079688896
36.519397578720614,982.9226752687401
31.929083101471555,1032.8338038431193
5.1267818888992895,1023.1118510183696
17.071664791120412,1032.2070251516018
28.23699003693988,1048.4217944439433
15.31336484409902,995.4332323229135
82.74517024327494,1005.2966650835011
52.041243106856086,1018.6812458210813
22.144732280894274,1003.5260705380988
84.77247108436787,1040.523730151356
76.06666604386912,1017.9776224966764
38.627736921801905,980.3677270396813
84.12092042989701,1043.7701843312052
63.74485716956162,1016.5534225058655
62.34594182963505,1028.0224305557567
10.391812552088908,1015.6104889082478
40.82047705046157,1022.9877436871026
7.141436966438719,1048.669644119301
40.09127323084788,1010.9257438053822
5.94480208897571,1028.857786610389
19.287689617853555,1040.16004677535
45.638101251302,987.3155791335304
61.80821184443231,1020.6937979696964
18.09676264338217,1012.1000687225755
8.239353082750721,1049.4522300021688
87.37206661300637,1045.5881449643898
8.345433418587145,993.0342655839098
56.87203990394377,986.8323443633944
79.12524072172847,1011.7546840689997
16.754064922844126,981.3406207198027
64.63167497812034,1014.7874352470294
73.06220042616673,1031.6909804550219
70.71913262976368,1041.828671633712
5.170972473705238,1047.4266710873032
64.15886654779202,1044.1814606458547
15.711613223869303,1043.9761385616052
30.196625628654207,1003.4411084475653
92.88137115834863,1007.0610606672786
5.223154428810739,1036.994985832887
86.17286533658498,1012.7002398213351
55.1227556101778,990.5392975382972
3.1323191973148368,1011.79880390245
75.39965308580378,1005.8943795019339
85.75020733587638,985.9725585175329
45.75515688396411,1004.5289135446137
79.18391920933698,1047.1454429044989
91.04708302046572,1044.8531885893985
56.82297079875796,1047.8396614406654
91.66911122190889,1020.0177940752
41.69749626978672,987.4126541184064
81.186514599179,995.8891845409728
78.06659994287772,993.0455759909406
71.89298724112906,993.2057509409016
41.14460440033649,1042.1840020656446
46.822691126571016,994.2812393893308
20.93943214286543,1006.5275838332798
27.808634077697093,986.5146837838462
68.22601545069944,982.5555591897403
32.543872713100164,1046.3495521985649
72.4296305407186,1033.3690634283441
62.441045046341436,1010.4425689201041
35.646361304438734,991.8171703531035
16.761829619601542,1048.6282719928704
31.975308560166514,1010.3914285577357
36.522975808848116,1018.1187735925032
64.57821807710579,985.2796658328357
6.182213086310062,999.568034969477
86.61150078234246,998.3633752603321
62.530020478693885,989.7316777721464
5.3177579847563,1042.5929077352055
25.145586207913162,993.5673413781957
15.060628937270003,982.1561813359145
58.18405664085198,1049.0101857957698
56.90164765071568,1045.7701499442444
36.420697127574044,1030.606252646199
75.9776958731249,1038.9008675190153
6.1772162099467565,990.9367909445884
82.73697769585971,985.5984248960003
88.85281244099438,1040.4952257179784
18.587606519209622,1005.0939293704644
94.04443432251408,1002.5943390801625
73.23651681980749,1028.2086567416823
89.34457881415959,1032.9928421515997
79.14818548296316,1022.9580018850377
6.791203905463561,986.6701511123306
24.689347408061245,1005.5690837799442
85.08865941513848,980.9210413048914
4.808632478210251,986.8221605180244
70.92088774562482,1030.985928304263
68.1345447228896,999.0823182494162
44.40115694019078,991.1734272537675
57.482544493122404,1048.6318919701387
26.053405450416967,1037.4248410598593
59.065911118371005,1027.7502623202352
68.80821119954665,1002.7916782796167
38.56201295970941,991.7448137676812
14.802934624802033,1037.1272002714163
94.49543686669149,1044.8577577190913
98.9503804132868,1040.4585839738377
6.991916698787925,997.6835383424742
5.5652509543413835,986.2429268329719
36.267749339361984,1015.2938427211875
93.94692397340764,1034.1185075839894
37.99676475420992,1048.715016074221
22.88128467286611,1044.1110281241924
97.6218959209763,982.239859143514
23.355557808658933,981.5449339941206
68.46808512972973,1024.2206807304583
11.17095374097412,988.9461523114575
63.21409691879095,1022.5165579486601
14.495237621070011,980.6582530445244
27.870595349685324,1031.9191013671957
43.64992923788219,1007.1006386867444
76.50168691715116,1033.0516496078903
55.51584261460473,1028.490485128232
18.007566693278154,1013.4347952221818
75.48978409278595,1015.6042901065275
63.77241128336434,986.314353689201
1.9226256345041937,1025.3852130557518
6.559892271922085,1024.8528557842433
9.211699400236217,1037.1082459106246
24.95063048224061,983.441835685942
27.6719829013773,993.1441513271095
67.7488200856146,1026.407090204306
65.03286467185433,1018.6212837020403
87.20031787161236,1009.0409785643704
81.53145154178743,981.8875576930689
78.85508924724373,1038.3813653726127
58.8906530828652,1000.3089526053295
10.663266827984973,1005.535225213033
68.7748540306587,1011.8871632334564
30.232149549534913,1018.1448890775865
78.33947504052112,996.8658720264012
36.66867838133668,1014.9097859589709
13.440603493984915,1044.776653238779
60.53084105884366,994.1193023728496
88.28054173379951,1018.5394950684126
17.585811748426394,1048.1177096574088
29.442591652592576,1013.5836770187626
26.44339828630371,1043.3584412923751
78.22771643733395,982.6586199820266
15.217931462761737,1016.6742207090894
44.03896416664402,980.2012158581715
37.66028316470219,998.969135446848
76.93308950685244,1044.1643004213806
43.94125075594404,1009.081292072379
24.890540953586548,1012.4126925604062
8.061643823535169,1008.2151648674751
48.58194004183264,1031.7628394329624
24.90169006764994,1007.8721866245473
68.55068058840487,1015.76970964127
24.008313521328805,984.4399047733106
53.69912105024833,1029.930695108973
63.65696495208154,1017.4024949140363
90.0677741189261,1048.1497749129715
90.53849090933397,1040.9788931756423
66.84984765537452,1004.1811892957761
21.342596362790488,1006.0720338283496
6.0224961170894264,1026.2194790762874
75.22174496771508,1012.0912580477077
35.99797702470809,1018.8227964793591
12.067743538888177,1047.9676283628228
83.52319054893485,986.3460371543645
53.706503305173506,1021.6349941685874
94.9012304293053,1027.4312947824408
57.88743725986764,995.3559518406182
95.12802779403462,1021.0266313832672
54.853077397520714,1034.2464762133704
17.198800741894892,999.9855524429153
96.39699430759437,1048.390765891681
8.980043677436733,989.1185932953196
18.26541733828273,1013.1748976751398
99.59028845432593,1031.0209768403854
77.85968231988495,1010.8133558851273
84.08268168912795,1016.0143558678307
47.148588090902,1013.2371004073162
37.867965059158074,983.7529151528752
27.151720492568863,1002.5037664212791
5.383401391495157,985.8039404069694
4.73173756039359,1033.2220588087657
32.7988086267369,1013.4312755620327
22.387709040603042,1008.5013134989348
66.67890038534902,1033.2650255313092
16.962090227893977,1025.9983462678742
90.90506076078746,1008.9291479993607
96.77265435014816,989.3728562609527
47.489222471485405,1013.7817970791874
5.111624790366176,993.4705869672958
17.063443142709943,1009.3639099534497
26.717506448700725,1041.6526241471631
87.59779881289649,999.3121378577833
88.82689614246793,1010.3595825672743
96.62970930929833,982.2036433783944
26.264565159205244,1042.5821021851407
17.58215997013448,985.5673089325377
52.482781903772626,1024.4124351345492
34.43585467309834,1047.9998077685482
39.81313681030249,1043.917988848426
45.239095436744535,982.1670846506224
6.090085137125756,998.9144977152253
32.45996628318654,987.5394231437589
74.32129406113913,1008.3857211949644
47.86581239052524,1011.6919681820738
76.54908105186318,991.7040184256956
67.23394293308978,1034.2176648899087
94.11588278738627,1004.4256595555809
69.0350322630357,1007.9415908518437
55.95493036359868,1000.8055934854931
15.717147643104957,1000.0584821329121
92.11057016544514,1009.3993049428695
99.67201460711459,1008.7173654445755
84.24777109023029,1016.0619273866395
9.347907000571931,1029.6229439726853
11.142240670621806,987.8239878152756
36.49154523290039,986.5115338806661
69.60233142540156,990.8801286837856
82.69044720048088,986.7324109072481
18.081523617243356,991.3841426817141
62.52403777532134,982.1864535049727
15.95664825969223,1037.892185853416
11.210404661350326,1036.0767639615178
47.09722814815214,981.6676677011294
86.104388934984,1002.750003162393
62.77056636173689,1023.8545613465704
68.15436504157773,990.7255521506899
39.31661504096161,992.0157850222914
26.688036607219967,984.71337840193
93.20964797806523,991.0242813706179
41.14084718393064,1025.2987268705792
51.340450281217045,1024.0822937850696
7.222201323094602,998.6926259227894
6.915139007142301,998.0643158642031
75.8063978354994,1009.0936209870832
93.20060016442544,1013.5137310562723
63.66954067608843,1044.2312987308667
90.00455701138151,1027.4244028572425
77.39527407318964,1002.398282458895
12.886535475059091,1033.5886522845635
6.665736611578021,1010.9859742940257
94.20892991594211,1021.2581135895767
16.160410142125702,1025.9408657286983
62.91561652063442,1002.7591138627399
23.57656600509107,1015.0440136950117
51.554813038174444,987.0744436328443
48.75238990730117,1039.293113716678
71.87292963814043,1046.6691673623682
82.05372927310569,1043.1287031318327
99.88548372374765,983.1327542568123
20.852768200297056,1039.7011557212834
43.66634728579739,1038.9451854191614
37.60083972612792,989.146832208609
3.3794317335105295,1030.4670412955325
23.68270236677357,983.7694599983423
54.6448771244214,1036.830252466821
87.69433979156692,1036.1419001140741
31.379771710029093,1047.7353965757452
70.14227841198687,1010.3762737759387
94.0097763752319,1014.7830452795158
17.936689149066876,1010.1775393763014
10.85705844184266,1015.7262018425994
98.65377746695222,1037.0756146367448
5.002589107697785,1040.786123920122
28.100706487069903,981.0755020805818
86.93397812757618,1026.7765760026095
27.542025436413155,1023.6936229420652
17.55308378387871,1022.8309413126468
78.18311826883816,1032.4713906800455
72.57041046364968,1031.3100806370667
10.777282854360703,987.5184822963355
50.17920812331048,1029.7206540359728
89.34767534227626,1038.037822332433
42.40662346867426,980.8584469441867
22.217531027078998,1002.3808921677011
69.4386494245736,994.0111401276727
22.79417647849723,981.3156569972579
90.79541252593242,1040.8079976149525
41.88206982617767,1017.6333100486303
48.77853817598478,1031.5855003026113
69.45055891758003,995.2321588917266
35.95157132414835,988.726037652957
94.20408106811912,990.9114674933926
27.290794765504057,1039.213982991647
96.57423441828165,998.0919784259428
38.820498523694624,1023.2365646270302
78.0304629329556,1004.8122679745654
80.9989398040178,1010.8276899632896
62.10317248232896,1039.862168112183
81.1871264065675,1031.399703455409
59.07448297694615,1003.4965814670554
60.234740664107434,1042.804033962142
14.067727955521613,1002.1056819478148
89.0464061784756,1032.5174185113553
15.400389005191972,1035.2882742388706
50.536578476643236,1005.2520886956054
31.834143156516802,1016.7145024195476
28.85230604901684,1012.1602358556793
16.963259828246656,1023.7167257485102
54.77918867372337,1031.0900606803327
84.45396910017742,1043.8498501798445
49.69209115796922,1020.8699102060625
35.989838179209855,1043.1651603739301
92.71108372019316,1049.503974867615
13.384950842568976,1018.2013923781319
48.03191682350396,997.6484017165998
76.14111231660891,1024.975937901901
89.79232938584131,1031.0433610271912
92.77803906599385,1025.379289884894
11.200466588415846,983.8996222980726
54.05448864929129,993.2051098814856
21.15255459458113,996.7008531529602
17.716864038822735,997.1515321819289
86.55977532013993,1045.7375097985546
36.90736047170829,1026.7610398884556
10.60636121594688,996.2535451484495
21.825413429688233,991.5894162631321
38.0909550557383,983.3827047842558
64.96511366112048,999.810833188224
62.422679789041744,1003.5694726003068
92.45007942191789,999.6486842538469
31.52938469612392,1030.3873492329005
39.711027352524574,1019.689215529955
28.30756663452093,987.2311878320576
11.659723707897873,1025.455273875144
96.09691424883493,1001.7379448409661
9.604528219601416,1031.8952035888128
47.27738072861688,1014.2278484417794
57.0010121724514,989.8627272020115
70.02072639956228,992.8060428129916
27.207083262969434,1018.6032549883671
51.60697779776896,999.9138481108967
38.76495901089933,1006.7449431729335
9.695807609048778,1034.9897034726553
12.0507503961639,1018.9189538358031
40.36816062633286,1041.4082200555463
0.3524075779978264,1028.1626875916027
2.4970328686211296,990.76700874948
5.326454152523263,986.9686024215644
76.540206276886,1025.0324924836095
88.93977289762243,1017.4895478430519
90.42670974229603,1031.4007805036495
0.8123047091950553,1018.8184935705618
65.41857888305913,1049.1342560693436
28.642515889235675,1048.7149313178534
6.987947985329335,999.0511494334557
10.375645593905148,1035.430869884089
6.673307135339346,1033.6280857858185
55.026758262545485,1038.8323002834816
30.687566409158773,1009.4237172335922
16.62771598986015,1044.9460978347227
14.54761419338988,1006.3743384258664
83.94109332879724,1029.9327055597942
2.255074669325041,1022.1664606132166
49.525735053998055,1005.4763095206356
7.274137973193817,995.9518285529807
14.595279476685597,1027.9747467930347
46.529396366189516,1043.1632281598181
20.68979161304785,1007.8948802771706
63.66946514625068,986.7528047790385
37.89830413110945,999.6425353031524
78.44797386810023,1008.0457463745454
65.78946323998183,1008.494035628265
97.79149111649892,1024.6372547969977
35.70363979504963,988.0605153375827
44.61536416747168,987.8824536100792
66.819836205601,992.1480298016675
42.208169673005536,991.6013308370516
23.90568969408884,992.3031569526386
0.6677226361860855,980.3657573316564
27.560589270155354,999.1942290249569
86.4196621153182,1019.5983806533693
58.9539109371334,1049.4534281214073
0.46501901375032295,1008.7747498371573
78.79273177119627,1039.2238946006191
1.5611654854522428,994.6630033623791
95.31696437561403,1045.7838808873055
51.380976991190806,981.1914168521486
90.80919475542169,981.899324727492
88.59257403805854,1005.3448160747306
88.52667083553885,1041.2720751535521
37.58022186640558,1019.6847131754996
18.587828536626294,982.4594203533123
35.119100581188775,1038.8245287096697
13.42766030296556,991.3526825378882
83.43923273733485,1006.3198578189545
56.859034923602856,985.9780313068085
24.858238970139524,1045.1846453255182
81.99825696812275,980.4366201682317
46.08855367383945,1041.4919600017158
1.087947120886179,991.7853390233879
15.329675311026481,994.1580397521656
42.17562604879041,995.4500712094414
7.76113591112898,989.9642688839142
64.33494928125857,990.0167775030292
19.732636111238065,1041.0112679059553
59.41109395136211,1009.1958561001113
0.9417367750834682,1005.3873648220625
14.48006684225307,997.1824525123096
32.59312601244091,1043.3437303986727
8.768196182355837,1020.9496679227371
98.35321958202987,1004.1663045280559
23.20172715280583,993.8373916137912
89.8685133602342,1043.9043500694208
68.6368243582622,994.3367285152154
95.85661107544534,984.5730294654072
91.04956189625175,1024.1374999872994
87.8661120097252,999.3966042844648
57.77732367043467,992.4524511568045
96.46424140335215,1022.3563783619312
18.08200827196542,1011.9460438597431
45.41922472148819,990.9949207783926
78.11265044047066,1020.2119503533853
48.35118476074919,1026.706215241504
99.44223915711787,1028.564365785633
73.31482498314878,997.6500692842158
20.635544440398846,1016.31983702906
81.1395644153952,1003.6259695785427
88.7461848565025,1044.8671701013002
53.94171628836234,1013.6855053317369
99.05401892940907,1019.9387195390642
53.59034687974849,1017.1970644400395
77.31310281464184,1049.860926181863
32.402863635140235,1042.7157034862532
23.882995115274184,1049.118523411058
78.37604758050784,996.8271316152715
19.297055786770613,1013.7656183205512
28.392987000796253,1011.6964842417306
36.821533426824345,1029.10444442653
62.450713923463965,1030.580961233323
34.223628636321656,1009.2849221834439
32.09252640930674,1016.8682218575391
44.306433261891,1012.5956202685112
44.97819798279801,1033.591719655315
2.096677037785144,1014.6087308208649
31.647638672871736,1027.4624486788264
46.966250970668675,1037.618982097364
23.548875366383626,1027.479593728582
47.700414879884356,1005.4920115913255
56.928865492071004,1013.4910127546174
83.95183719720458,1012.6364183839621
77.4746325211698,1047.1488397171133
25.662847272991772,1010.5019874729214
12.872332908919626,1043.950863242675
0.12970503169400516,1043.674866467298
39.86190209512187,1032.2582929188977
85.53650198579635,994.143446150683
16.139289589205063,1009.7604254921287
28.671962583024126,1025.1526353902816
54.3202726225152,997.9749382428978
59.38182545143235,991.2285767631352
54.722623251172344,1013.7570496462872
0.2536227146330283,1021.9882057481607
77.07167719534188,1025.3141139096429
90.03024475226164,1022.8073929185808
25.277886428534945,1000.399076299026
13.32162517160571,1004.3739038027271
76.84658162893136,1006.8044106202585
73.00326974115939,994.3174668601241
79.30487456647984,994.4852485354606
91.89439789872554,1012.0998434626042
4.424079455943797,988.9876296789985
53.703322930311224,987.6978326776804
78.90738693061556,1015.3843018587577
50.12340253503839,983.3346064626156
55.21422895385487,1008.1731358491284
56.6623123184881,1032.4078058492664
1.0389553165235488,1048.1979898786346
90.42885346449084,1014.9913725428289
21.078767617572925,997.9997850698054
2.5458097763114584,1023.9568039069327
63.3438930817868,990.1458905910097
56.017399364056764,1045.1348581198217
12.775927092939298,1032.8530610147839
99.82946962907086,990.5460984438182
39.14949511059418,986.8370801336514
26.59941154532637,1044.8398326802208
10.119690363929223,1046.9237488906979
53.45372807416643,997.5939986901022
16.427566725969466,992.0306127041118
14.567542456781513,1028.2729797818438
72.75081493956391,1049.559143668161
6.68606748700058,998.0436315572324
71.31517980840856,1005.2602133841233
6.964525484696948,1005.1909332674975
39.43135710323292,1012.5797046360427
12.493851491911789,998.3679943408662
98.46587069805864,1019.1234572352805
23.624568516213873,1038.2147101212163
36.446222355851454,1008.0252679666762
21.133118601331226,999.6122518848647
54.38840560279873,1045.4142286833562
92.22684176785776,1018.4822237229678
48.26585416889703,996.289225083345
74.21331710376631,1004.3000452840887
35.48886015779006,1015.0659844418893
28.23892516397222,986.2253406544402
9.859926508683426,982.368266628556
96.98988339325521,1029.7493121705959
37.85122022862024,1031.9402519870357
87.36130074936067,1012.925985212469
61.96964419878921,1040.5021352493486
67.82125115007157,1021.1884300327878
45.72666684620845,1033.01537868399
32.72456569776191,1045.5187754682195
47.36900395487663,1035.3254528862801
76.63802113155566,1001.738408912278
91.20944270224824,988.3279956220231
49.529120008522845,982.783944660915
53.08626974392377,1007.3383534039075
73.24581568338829,980.5217123329758
95.9346395655921,1031.6533496584232
65.78224633835791,1011.623733180258
85.00482861638908,1031.2560986931628
40.411811142292095,1014.8420907892448
17.948675590421658,981.042596000556
70.47147124893141,1041.0488270022067
24.506421805655464,1044.4372626490324
88.58342792830699,1022.0741773330204
7.872360668151169,1028.9416405710356
47.59333573110235,984.2469436491886
43.638829053323505,1028.7001665457226
86.23541774685988,985.8800289106899
96.87863178111644,1002.4551506592906
95.3626237748492,1000.8971536730646
5.492979486887995,1038.900118204262
99.07661964453631,1012.4027687792709
66.79666937826362,984.3906665988109
25.22862286684242,996.9539907052822
37.70439370208023,1011.1052512386485
88.86976516389528,1046.324458697695
91.60526585322486,996.8925498277865
12.188949088717017,1034.2779068070386
14.33154588376654,992.2459796174851
4.419551194957827,1024.9635172346123
39.384645471780075,995.7908911130512
34.51355894440415,1034.03908554644
67.27148113303552,1017.9764254663241
16.1645048831348,1042.481541789267
79.69778795863463,987.4746979085429
58.01479561799301,993.2498558748981
11.100837284295817,1033.6373512803395
89.68525732662435,1003.5177088963752
84.94267323948729,984.863326440126
75.40991376779105,1029.216189158318
47.9741375610947,989.5004193895284
61.037933355505835,988.3435700552916
19.777498061150002,1015.1994313389646
75.97988896787501,1008.8393262793875
69.39448712276175,992.1797713078091
79.89117043909168,1026.93967659988
93.78961643597647,1009.0841644669838
88.88679577555587,1027.9612161978405
89.54042167418692,1006.7973295418584
42.99915855282447,1037.8103873127616
78.85984055785606,1020.1851251329598
96.95786737949442,1036.828102365623
26.60792704153987,1023.8215822201165
76.52020694677131,1005.3183012532005
24.31181226616246,1007.1424647218277
28.5315599955133,1036.521222384428
42.768259403208006,982.0458740977789
44.21600461679469,992.1200680966161
70.08001318215837,1024.0675972830652
10.474023097394747,1032.0395258169012
84.1625539993721,1039.664865459474
13.612730324678369,1033.9707726328672
2.557655975117079,1048.70383064223
40.31957165084854,1044.3899624740752
77.50602624758776,1009.4659130563509
34.84236681378386,1035.1956210997282
85.0288131594316,1000.7213975943451
66.3370034768998,1045.01197092955
70.8899214095682,1049.8014348643715
51.69184411399473,1031.4205190800617
58.93905798069966,1003.4183373276782
16.379559458436923,1047.4096980480342
88.74988942129713,982.8664818568799
42.57593922706495,1008.7001098613179
43.88942425497333,1015.7024413984884
67.84721861138236,1016.0238795849863
88.83938625098229,995.7413116754794
74.40448071360446,1008.1566104755336
44.13477849371618,1029.7803594910906
46.23776121927027,1034.4307799406577
27.83556429602457,1030.2824091934824
5.839198281428171,981.1728432895571
93.96846091491251,1027.288430129524
9.962278082764398,996.882453630904
27.05258386124908,1025.1998631129902
94.74484882606939,1006.6055442196079
57.777500295697074,1020.1450484946748
85.30698061861244,995.7316758670416
69.5124850547941,1027.4167855281116
4.640349002652366,1043.183844479486
14.98208494351111,1003.4213236833423
11.753796251998272,984.4563052241726
48.128343938476334,1045.7589162312722
81.64096260062703,1018.4331581377658
71.8184370936021,1038.2245201459068
20.713915004476014,1046.2340922433573
41.680637793476386,1041.2409001399687
69.82985901212432,1016.4264308117847
89.43867029384468,1048.411747094226
91.6124221689426,1010.6424841490118
50.463316276906966,997.4810022955489
41.62012861486926,1040.7760155656727
65.1726395001568,1041.7414801657674
66.25524211746232,984.1568456167805
97.32820151512229,1031.5748626341535
49.80547701201966,1003.4593097398474
53.76142964320749,1040.2068299192495
45.91808730777049,997.0052348612625
71.70699509972161,1020.6211781364432
33.52364231511182,989.1173167984509
3.566226093763125,1041.8331059252457
55.615583764537504,989.5208669386423
28.128818267820254,1025.3539128803886
74.80036204190364,995.790133844424
17.17642762428566,1032.9647505477033
84.51048612754091,992.8935867416578
76.09097283506078,1033.0799521781023
37.65947460082171,1015.419316128816
17.22492974052292,1029.608027989483
85.51797148374834,1016.4425475296651
34.16962803305575,1018.9579590304414
10.415078188869376,1022.3102551263495
50.81069584832658,995.9840691262984
4.031971282691127,1020.3023664532752
16.079682190640053,998.4687593774972
13.240634638613358,1000.9621922223035
49.89599042284931,1014.9316366994017
32.82364055641385,995.9778917703767
72.46758006355265,1023.3286206533388
10.817724738699209,1000.969757260131
30.566194190549222,993.0228989840182
29.869784518373176,1042.9103952863757
74.72893489869202,1010.5075717245295
87.97745721007132,1046.0049296424963
49.27147538324036,1009.0304050686337
56.16771527188963,980.7411617811401
79.6897569279368,993.945259146684
87.12095485621896,1038.4745245307486
76.37300020077149,1005.2130398111575
25.89966473982016,1039.2463845670818
7.296841220548734,1007.1746271532579
21.09193464676048,1000.7706616989169
61.956636224315645,1036.0508728301738
54.88869663286656,985.0602080871104
50.78247549493193,1041.3166140062403
7.318179575089689,1009.3906530119191
41.08695159744803,1003.0097086369345
2.6189230877432967,995.3944444716441
65.33901984266143,1021.6085159685775
24.587031031185713,1046.3562191522142
70.70497102418312,1004.669327118097
53.22478029088877,996.1468059343474
5.417399113563059,997.3356395772801
13.921378186530909,986.3722251825756
91.17775052127016,996.5700408666007
87.57848893687658,1025.0939977930047
81.57541438521558,1029.9414356031352
57.1152702008119,1009.1622656281897
36.01892931921826,1046.0550296549222
95.87639456581911,991.6874448519334
90.9440800351104,1030.099655161786
1.70273180163093,1008.3601714931021
12.106611758660657,996.7563238332181
54.30492413500665,993.6254029972666
69.05252812965472,991.7329160712067
46.4838562806713,1048.4498725983276
18.206680053493606,1007.2597254162963
42.028055670208154,1022.5696732135077
20.53617584267019,1010.2658703025864
80.42008177054998,1036.7674720145083
54.22228349102486,1033.1010869376578
40.885253869226055,983.2717098128104
14.166614720264171,1024.8959469149972
51.443811486229684,1047.8174908926246
56.6390343967602,1039.5297435771802
65.31047402573415,1000.6972008185417
70.55550198166712,1022.7654698778392
4.182775699364782,1011.5255333468664
37.77971872924477,1020.9202641882242
37.203767252657215,1019.3237793677207
17.04916668201937,1031.3259675246636
32.22179241267638,1002.4573351634857
4.413780818978985,1010.2625229650346
46.21432362792548,1020.5371796781942
51.381917237655216,980.5662049568679
48.92029663046038,999.0162113660512
14.198408321098855,1014.0303314331331
10.586501566523909,992.635535101296
75.91643703550733,1030.3351076652891
74.88755393831443,987.3657360271079
29.696436960908613,1030.599615244425
68.00279541215724,1037.5550640011184
94.15149861917715,1027.9914941154864
83.90239024374421,1044.2084705244733
29.54185677784714,1029.8174350100135
13.323043071569051,995.4831743309076
5.1227864888909735,1037.540651427139
50.37283328014841,997.0296012094493
45.75363080723183,1038.2076875213493
75.11383511597313,1021.2196401123553
76.83539357930849,1015.885727324587
6.997875106882168,1020.5288332142513
97.14316516592102,1007.5517003264724
25.791415347517088,998.9329263349969
37.41023249304482,1012.2275575677768
57.62870315572597,989.6639688181684
3.828261947910072,1023.3746726324413
71.28841963106377,1018.2801396218233
19.219985065795374,1027.1154890416854
91.69990681458955,1024.6786648276375
24.67383875067788,1044.6772285647894
41.33076723815575,1016.2002826368882
22.43251234723831,980.8733233956686
64.60990709221115,1041.62321957476
37.73027040721587,988.4683129892378
23.91751455191512,1031.043612742645
84.39213436472515,993.8196796180868
70.29451131818514,988.6309780538605
47.164867519711265,1046.83219642833
28.593539490262966,982.4997517948434
87.2293101773714,982.1139643699058
41.938381517386524,1011.3836864390729
46.53967324844476,1020.9991834320298
19.199301758067776,992.362705315909
83.39204285560079,1030.727455079113
54.99050733841443,1045.7441511946438
65.68977456075189,1014.8936279304327
41.881722979588254,988.5233201302574
1.9377383377478852,1039.0436668582336
30.05118174825214,1046.0036498224572
2.0672162768216262,1038.297569440771
2.992853784415561,1019.5283282212341
98.51284327910889,1038.7822234662706
9.474670808123387,1006.3818558360935
45.0996888647021,1014.9773197381901
83.87194910662528,985.6911688137043
42.15503877734813,1002.6908642333044
24.87523001922184,1044.0955914340489
41.40015805654828,1039.7416660140864
82.38888668700193,1021.5909550957363
4.4891423217437225,1043.3755883458848
48.87778270884723,1009.88494006441
19.35059698474656,1045.6327502041136
6.026932943057672,1046.2109560484612
78.55544775545138,1019.8977482024891
1.4482516673197332,983.5142230427548
41.49579466188285,1041.9263356503095
54.55027774805835,1043.7971830061629
17.28837327263417,1046.013752236253
89.94566543551437,1013.0413772787992
40.868057742286936,1000.3905223704387
18.210379745244197,986.1259082336662
61.117957441122506,1041.5534376588798
63.94486915256936,1030.6114192776195
38.867142640200136,1036.1263932387253
3.1468363242337705,1033.834643369817
66.16459697257191,1037.2155822008808
23.776663077013016,987.7692766111084
14.992559120605254,1003.6794659417445
82.09371403156027,1036.991931471392
50.42414087765527,1031.3993278403998
44.79297563062652,1033.6729450589842
75.48422375247254,1033.1727503433765
47.06892105659205,984.6844024314966
61.18398498689395,1037.8251501508275
40.62405920885846,986.0138854263737
88.75222751597511,1037.5683737821066
56.556563920360226,1002.1961800491383
90.2511052586284,994.8486879586152
89.88295696002741,993.713415131869
75.85707312910012,985.405844809032
54.80512878507985,1014.8784105120197
65.42195949395484,1034.9221701365877
22.208485650437805,1025.530882286414
91.91273577995159,1049.4430431829098
85.97359212033943,1033.9718726166348
78.71432870428984,1030.9802541993952
2.548102291980936,1008.7924825528362
19.452715158150223,988.4566408941479
91.66974149125464,1006.5830814584663
80.90539283319443,1040.1754973894404
84.61596224101572,1003.5092691619664
40.45695005342558,988.5761481601096
25.637473038523282,1017.1948505486049
89.06978163756317,1022.521329053175
37.29553237535382,988.2819484629517
29.887057810891804,1033.641741018825
30.08623131749587,1015.5532033066402
88.24323884889847,1021.0996369888004
17.693005363437063,982.6881904784744
83.29573395347234,995.1053103895741
47.75677328529646,1010.8328196236447
26.114374347779346,987.2862040010111
58.42312371591082,1031.0915074569436
27.899148605705193,995.1744661193109
51.4888678311065,1005.2895844430437
61.367582216866126,982.337608831164
58.30238257656612,997.717107261369
81.623726912984,1039.4337912069104
61.87668020845626,1017.3461790806389
22.063950261845644,1031.2491050985
29.48931317672898,994.5311357504119
40.217773183274815,993.7324613158372
76.94873364661848,1020.86786787754
90.41824442900739,993.4401252620484
2.453235549924082,993.8406083616567
99.34181481119853,986.9454584323753
49.146202407036135,1033.1691224265226
13.174401805704704,986.1726474416196
56.54416888696837,1042.2283814225484
45.85333472605315,1040.9387478517833
4.932154355627438,991.2883304587752
57.76242920288147,1047.717589824945
93.15711630704226,1003.8649439137129
47.26306180364911,1042.2297804339971
22.920267373712576,985.0592173379922
67.09404700174622,990.0639750415155
26.76254882771689,1010.8977109494626
91.51910455123704,983.3370418656799
47.70456085275405,998.8659558580814
78.4554488041158,1021.9185560894028
4.913755476944037,989.214024397587
73.24888605306695,988.7127629662652
14.797611904615893,1008.0830605938453
21.77178732475815,987.2184236201416
86.13083900711783,1025.6988790787611
12.39251436437675,1035.3297927360306
29.47107214374729,1013.1687424407553
36.99072333579746,984.5713029311532
91.00105680484606,1022.86150340938
14.288963858048643,996.788413174546
61.69349704188017,1006.6024348653438
20.29077638319645,993.4945717091614
28.880894655049794,1024.8333806732019
44.506003743382585,1037.3248175096394
54.72265773689182,1040.0980137513711
17.53736368261336,1034.0266069948088
59.55219571058655,1018.2625239533891
60.72443852451421,1018.9077387988607
40.853527539683434,994.2102262028687
20.072014024813267,981.0636522014312
33.39272763631298,1019.1474945066161
9.80365916611744,1028.8358019410248
74.48377539035795,1007.7215761004643
1.461730000575412,1025.004704176413
33.17908347898485,1002.7496647352596
92.43405121611575,1004.7036780696562
18.75193167300193,1006.5487587530836
52.35155439345927,1039.245653077977
14.924498962236054,994.2485947193014
94.97684048196244,1047.7511691405912
82.05794722964377,998.2192635274954
31.26254748582792,1014.3472955981684
75.19458576474624,997.9689137686285
56.73522449386201,1013.4201745085584
22.16522796342928,1007.9486537756493
13.438714558027431,1006.2345477283259
24.924475095234634,1000.9659742976411
62.89905943939566,981.5381010137511
95.47749574008122,1036.5304613749267
77.68752956418665,1011.5700526499683
90.34608705232715,998.1832456775672
19.407845732723516,993.1764060442879
91.45893784418926,991.0535671976508
8.468197901247166,1046.4319135482224
94.41868810604048,1021.768636338406
14.121565405818192,998.3695805429979
36.1529895816543,998.2874885446047
34.55554268573605,1049.5432062666953
32.98570205612522,1025.127858918363
73.66154636363082,991.4274498644257
83.94719841694713,1035.7784472700507
57.047337922255004,1010.5837022133196
54.60750485695911,1026.8233760392395
26.13079464954976,1021.1445724726356
90.33250756690082,989.9859043199303
56.47773395652105,988.6274148096006
41.13122512158963,1032.8716583403545
55.949927426651016,996.7759045888445
10.446669744979841,1029.8959963797538
11.143429543971738,981.6139139274691
92.72852916117267,1048.3116962691765
21.85557386344493,1015.034315279471
27.0281145187622,1010.009832220463
55.72422378193798,1035.6487166956113
48.68619690962419,1008.7109414300636
55.57328345185013,1028.1011536252195
36.542913503996864,981.6833148937498
40.52152658315185,1044.236063769567
16.8798873482096,1018.370929120002
49.70171181447759,1031.0040602051954
42.2956118263508,1045.922358503513
94.00837459389365,1009.4217617919588
12.97872310020428,987.3018655740101
61.57404304327131,982.3618092927738
96.65260483367275,1013.1249494059738
9.796177402526407,1020.2710117301785
72.11185289200492,1004.6308334571283
86.5516035762507,1014.1604484746973
33.2232981598324,988.8731845704905
56.93634277517538,991.3323823386759
8.9630134526835,1043.2469587406285
33.70566484372812,992.3923442497121
24.883144851050567,1017.6091716129237
68.5368027887296,1002.9722087224815
5.568777710805783,1046.438960589268
48.32289968692376,986.8287773581781
55.38458407345603,996.1152270568994
93.12546296616131,1000.9459301043273
92.11221898986898,1005.2868825697269
0.6593067302652633,986.7518421925297
58.10310349524278,990.8270560588692
39.97882115110888,1040.590919323939
53.625612399415154,1013.6552936545786
64.96000624812095,991.1956274677593
27.437673346499015,1044.2024978125603
76.11507496384398,1030.6511493751545
92.05195086520304,997.7807686956471
88.87860765626085,1041.357292577636
75.5342840131744,1031.6566370518963
52.44565841376937,1049.6280470662966
48.51925301540015,985.5187963497773
74.4998636858183,1023.3643484113082
77.27301159951612,998.2209414487281
1.2119398988346464,990.6800245731122
3.782784522452176,1000.2974571436641
47.7560096821872,1030.8768238407793
86.63563994746342,1024.010167672805
21.500635489735508,1001.96012574061
14.35767642427045,987.3249271389931
93.3162251530168,988.6671905736745
89.11123404844952,1022.7146240309598
26.86742754454652,1013.2557108875551
84.02849903572105,1005.9615543651097
75.70101357040042,986.7724070171776
99.53910419916492,1014.5346740716012
16.337437035372215,998.5296996722129
89.7393622599766,1041.1524027203377
5.698035389492972,1028.5800986101772
67.30646464822502,1009.2203084881668
66.91578048892856,1044.3659573764119
91.56939494387595,1019.1334891226923
22.787552386699673,1038.0401105100686
17.163240471436858,1021.5362242008429
51.35113983499342,1046.0274566993435
95.25717420841997,986.2178325294668
27.886601948897216,1034.4600756117422
79.66649546812799,982.9015325869615
31.994215242554493,987.5099756202917
25.512183140882584,1036.5689722714146
68.41057067924659,1030.8307476711666
77.1405994084436,1021.6351420381238
1.3063353996892513,1044.1505667022232
58.360085785138935,1007.6782755846583
53.09032198371455,980.3819413938942
38.900729908314624,985.0157882202466
78.53177301712341,1030.6812995210091
35.592072934191506,998.1559358404087
54.40280939173455,1020.9610704995245
42.785822469995225,1010.7735265552484
44.805169999311104,996.2496340420754
48.56175519071695,1032.0428413074064
15.61810423172998,982.1317821362801
80.34588842709341,1028.0622216969043
29.059240359446825,1032.441654704408
51.629579912400956,985.846029683777
27.306827949892508,999.5652444812102
85.92833511096467,1044.6771453638066
83.16870320858769,1012.4452507535116
95.06197872132974,1020.827981460907
36.42641142413672,1034.1684187329276
88.69536378575852,1039.8718360555074
85.88574471958086,987.2097413500009
57.380430841678546,1017.2897816144923
14.75744457113074,994.4506244384925
70.41485376168521,1028.5639289650273
94.47878590331334,1046.0969226611292
81.93050851696141,983.2790487792182
7.653106062938275,1025.1981375932373
2.252346618416179,1024.9198669957752
46.06359128543613,1009.0296243653901
91.30087263933619,1023.9001292739649
72.2362794411825,1007.2910591447162
99.93855831056796,1049.0898598470249
62.72986002686507,1013.5910086498897
88.2229982128411,1037.742943589747
81.2025039050638,1045.0794860717153
53.86089104082208,1031.8843606844684
9.045054527579033,1027.2554490068655
13.083304160113018,1029.2711093075768
81.54819134464869,989.0492616795093
36.93738904590089,999.0531019142059
60.26409672987921,1012.0219147138258
29.17116275648155,1009.6729255474445
89.1529234737914,991.3926216139695
91.59963703991738,1002.5976458182766
95.57053406766964,1030.0423864183324
92.86367549846263,983.7799828019539
56.401702414995626,1024.3104210815263
60.18798981389091,1005.5877620285777
96.22476924575129,1045.4814918801248
37.26345905112085,1000.2858713389248
63.08369836662422,1047.826072367893
43.971828202939214,1039.691042999172
34.4721768911652,994.7564548310481
92.94422598652852,1042.795057775122
56.964416590036436,1001.7472772464681
46.51061128997912,1010.9618330183054
5.412884710175236,1010.3705068527729
15.548873237384885,991.425050751477
54.0743456764026,1015.7616134662762
99.46183206154915,983.6460083960465
45.94364587546642,1047.8440102310897
62.519160308488296,1009.5158226020965
85.16924288024934,1038.3651316252528
91.8397106765864,1001.5282237207809
36.61300717702242,1000.0988889219594
16.359378907699053,1022.2801968599941
97.13029767655357,1034.0463422786165
52.748969477281705,1002.9896128527603
88.57792618098892,1031.5471904145477
29.85061790203092,987.4048326231967
8.866340669486428,985.1475746880213
87.84021515976099,986.2805825606996
41.65633820261957,999.7650785052292
44.057756965868535,1016.5040631026772
98.35385428494223,1000.9920983080016
40.88426856465449,1001.037089087617
57.367960109126855,1015.1994485954849
73.72911417342803,982.9240830447919
22.519843652868698,1038.225188546182
26.969792082683576,1019.8125175771454
73.88253869224438,988.2636221942222
80.71447851126435,1048.4302953167557
20.059645931716886,1000.1664627492887
30.873911332899706,996.2784718093843
0.8721297411568796,1040.7227616978369
38.483271245229055,1032.4111157459283
90.11149256679428,1014.5306293239935
40.13404660341733,1041.4655589513766
75.90149199406028,1012.4302744018155
5.73870488084387,981.8509174936415
58.789474746472436,1030.5275794345046
95.40439139926326,998.4569568059377
98.43840381689827,1002.6312581427015
57.840388230858345,1045.08490501966
1.4318946114747932,1023.5338151100835
83.9895642974697,1033.466769124988
73.47151856124539,1017.350657568672
2.4681182738760965,1021.3339386387732
75.66618866667427,1033.6707927198586
71.94983336044189,1046.2399553811888
9.659279424515754,1029.6913900152808
53.63772461611648,981.9697112864045
54.88759774796173,1004.9895953248592
89.48549646097942,1034.1526604735407
44.31222394345613,982.3360962730812
55.91575600160851,1041.5970911957907
55.09464412690468,1027.0794389858015
51.937593657897274,996.600328862677
85.31584821014437,1010.5475804509375
94.66293195722312,982.034935777672
91.4921988620222,984.9363728992439
19.645164355294643,1018.518861426854
86.79998499682924,995.8856154143124
31.775482051048265,992.5271565594142
1.2811502166593325,1046.2487373096353
53.31242784872043,1025.705829249515
9.4273160435408,983.0299915640886
49.9308239479118,1000.7386246354368
73.97754265308866,992.8067039938876
84.57750811776573,1047.0746179561024
32.28133707817784,1001.4369074131874
83.8803858881463,1022.6096936988306
5.713014855543664,1016.3872101268752
61.56214350579001,1043.4977536124925
34.956974380868274,980.3510829970731
54.87520436023205,1002.8192544010977
19.19477923466394,992.2067081745217
23.12351780427805,1034.723903054432
83.63857220476655,1007.2342112021544
79.75938339584238,1038.5892083454407
85.43268876387855,1016.9720809748753
47.83879695010156,1046.5004596789183
66.21315692827099,1010.9754223053008
45.819162539541914,1004.5094619470386
24.91241577085018,1031.5548260741557
0.6197712056338234,992.8330653449611
91.98067557487549,1024.847939918966
69.71034877280111,984.1686991825519
78.18317981891173,1030.7900746384594
7.411354680650362,1034.193028100948
88.29104333055784,989.2425646959508
14.67345994999375,1041.8439868106186
84.3041085981985,986.3571042691602
76.47202609854801,1032.1738463896077
73.88182095477163,1044.0440894567694
68.71976810868561,1025.1583602196263
20.250171072277567,1019.6997902272666
65.77909480028717,1030.389831016143
10.859034043628535,995.5107959475127
85.9617454519334,1001.1322554259707
20.037072067654925,1038.3462121664281
43.96053311616619,986.3347202995088
90.6044498412646,1021.113735268222
79.54273315753893,1041.9835014308808
3.8122249276798748,985.7410429723346
48.85061669686367,991.9011544288011
52.514613781336564,987.244771167787
83.52832028476205,987.4575064195825
59.69652125310883,1036.1692427618937
6.592445369532185,1023.7958963111826
41.9730844330132,995.658335777723
66.02003727372156,1010.1544370630669
98.80344432696582,1020.371416584252
38.40843014848203,1028.8987777800844
98.45932605635545,1005.1011285882572
54.88608525035386,1005.1746299007837
46.37540515246543,1007.4252269800842
41.543400782672414,991.3794828778962
57.9339460550386,982.9373948310187
42.8536532031721,1023.4121650300239
38.34755935827968,1012.2054893592821
97.8168995848917,999.8076402471114
49.45083359120236,1011.3895370271568
78.01886588891607,986.6432599203634
50.62983636688529,1007.0201441324891
23.193156925758995,1023.2501164368625
94.83680613675533,1045.1798636116087
88.13069929287865,1014.8802070130022
14.193339516851722,997.1886149548013
88.49823177063212,1011.1347535700598
19.701397116644547,995.0475940935281
56.86133295750885,1043.5615571537496
93.10152426966432,1045.154555430373
56.449317077177795,983.6657569495944
21.16285070439876,1032.3188898726937
26.49539520947074,1010.7447747676428
67.85707620615287,1037.7905998725632
74.70396488062953,1021.317591137454
59.1752235651524,1001.8753359750618
28.142578385507278,981.787445171308
18.677080268554015,1041.6110965878734
65.46466232037855,1021.6251768290016
22.933125381538833,1000.8649328816009
16.277896267309664,988.0303422519771
13.114127580026224,1018.8482024798869
73.8844575881808,1029.087596860139
71.19115609530449,1023.4766576224763
92.74745110157554,981.157957440788
26.171260200505298,1042.3239390015287
58.94545835657162,1010.4590940483849
91.96162961311815,985.0543772403174
22.35055154567236,1029.785578082273
45.396892999396734,1013.0648836041162
96.58176031636152,1006.9784911589365
95.48823905172846,1018.6416753738114
51.158614955547165,1002.8735985129982
44.86688702480751,996.6820701632582
94.48268613001682,1043.53706106369
59.945663266412176,1036.319994170446
24.69413306990741,1003.3069417270469
51.73266954077026,1000.3224145211743
57.25530256075637,1032.9062104593138
55.22918496118504,1034.0583607159035
40.56792420759439,980.4259706681402
14.64204818216741,1039.5835564249574
86.80562260521445,1011.2913269254468
11.232805220668208,986.7724115508357
13.946815777465627,1023.4499432351749
14.924816818462904,1002.4549616673396
3.94105054556555,1045.0359736551025
85.77318496670826,1036.265692294981
89.17083909955306,991.756161913132
12.256361224656576,1034.1511671509527
46.15687522059145,997.7283405742425
39.31846275838642,1000.132242375386
12.615388580056152,1048.8681135076813
86.4392661010607,988.0461329321429
86.40674683261426,1032.1225122559163
74.08183637218843,1032.1512610156135
16.65658025644379,994.6586782581765
26.36296425790957,1041.7631918177485
19.230422411680635,986.2373056555454
83.24685562384029,1030.1804112634077
46.761859978233176,980.0238603730653
15.04462335819693,1029.7617400731272
1.0095174765064718,1023.2985322104747
27.851061212292116,1006.5249376417694
97.41305594883063,1025.504425688112
3.169086549665512,1026.6476900794148
91.14515269999424,1022.8563889826669
5.794042006270461,994.109468134436
67.17702480745642,1001.552395205989
34.96969300021773,1041.2133880305405
45.54984278002555,1038.486147024185
22.113880177724987,1003.5552633046161
33.85258596714466,1049.1916377451034
30.810613675120546,1046.2838021786445
70.8900274575165,1029.8575996786349
87.12535814827824,994.4141063721379
40.93165833287485,996.1992704262337
81.62211022858263,1013.3977379761178
1.1549240639204816,985.2386826550878
78.7697673252386,1042.8650202463964
52.5953808959992,1008.5756584753306
83.37289048813601,1004.9928605382295
22.404062817714042,1011.7341011959335
37.67428952569721,1044.6048737489873
69.7708580437942,1043.7670000499002
84.8420392065336,997.9534165865974
47.8316574125613,1018.4348801278238
84.63600388835599,1010.2867839282832
54.831933787018315,983.2142894180524
99.13710260601708,1016.7203000357641
90.47111736671553,1033.7288611988988
38.56279074171767,1034.0982473089393
95.54826323197089,1031.376699195734
76.53418145982512,994.2387941836671
52.55027198639238,985.1245921488343
99.10432025957881,991.8333511720948
69.49833287203002,980.6940456560782
19.46068924899921,1032.905052129372
11.403675886606102,994.3196333132496
26.211576424126047,1010.4807605066277
73.55022334615974,986.4827911945787
55.04468199553754,1017.6861812980593
39.71513335388155,1008.5909611225577
75.8429520713077,999.1191865839511
2.3787427470386757,1046.5018747446638
81.35750799512289,1001.7291759090767
